id	source_japanese	llama_english	llama_chinese	llama_vietnamese
question-01	あなたがその場にいなかったのは事実ですよね？	It is a fact that you were not at the scene, isn't it?	你当时不在场这是事实吧？	Sự thật là bạn không có mặt tại đó đúng không?
question-02	あなたの証言は矛盾していないのですか？	Doesn't your testimony contradict itself?	你的证言不矛盾吗？	Bản kê khai của bạn có mâu thuẫn không?
question-03	この行動が事前に計画されたものではないですか？	Was this action not planned in advance?	这项行动难道不是事先计划好的吗？	Đây có phải là hành động được lên kế hoạch từ trước không?
question-04	この裁判の手続きを知っていますよね？	Don't you know the procedure of this trial?	你们知道这个审判的诉讼程序吧？	Bạn có biết thủ tục xét xử của phiên tòa này không?
question-05	この事件の重要性は理解されていますよね？	Don't you understand the importance of this case?	这个事件的重要性是被理解的吧？	この事件の重要性は理解されていますよね → Importance của vụ việc này đã được hiểu đúng chưa?
question-06	この事実は重要であるということに異論はないですよね？	There is no disagreement that this fact is important, is there?	这个事实是重要的，这点上没有异议吧？	Sự thật này là quan trọng, không có ai phủ nhận điều này, đúng không?
question-07	この事実を無視することはできませんよね？	We can't ignore this fact, can we?	这个事实是无法被忽视的，对吧？	Không thể phớt lờ sự thật này được chứ?
question-08	この書類には無効な部分が含まれていないのでしょうか？	Does this document not contain any invalid parts?	この书面文件里是不是不包含任何无效的部分？	Tài liệu này có chứa đựng phần nào không hợp lệ không?
question-09	この証拠は確実ではないんですよね？	This piece of evidence isn't certain, is it?	这一证据不一定可靠，对吧？	Bằng chứng này chắc chắn không phải là như vậy chứ?
question-10	この証拠は本件と関係がないのではないですか？	Isn't this evidence irrelevant to the present case?	這個證據難道與本案無關嗎？	Chứng cứ này có không liên quan đến vụ việc này không?
question-11	この調査は十分に行われていなかったのではありませんか？	Haven't the investigations been conducted sufficiently?	这个调查难道不已经进行得很充分了吗？	この調査は十分に行われていなかったのではありませんか？ -> Cuộc điều tra này đã được tiến hành đầy đủ chứ không phải là không như vậy, phải không?
question-12	これだけの証拠がありながら、合理的な疑いが残ると言えるでしょうか？	With this much evidence, can it be said that a reasonable doubt remains?	这样证据都有了，还能说有什么合理的疑虑吗？	Với những bằng chứng như vậy, thì có thể nói là còn sự ngờ vực hợp lý hay không?
question-13	その点については異論の余地がないですよね？	There is no room for argument on that point, is there?	在那一点上是没有异议的吧？	Về điểm đó thì không có gì phải tranh cãi nữa, đúng không?
question-14	その日に誰も彼を見かけなかったのではありませんか？	Wasn't it the case that nobody saw him on that day?	那天难道就没有人看见他吗？	Ngày đó có lẽ không ai thấy anh ấy cả, đúng không?
question-15	その日の出来事についての詳細はあまりにも不明確ではないですか？	Isn't that day's incident's details not unclear at all?	那么，那天发生的事情的详细情况不就有些不清楚吗？	Chi tiết về sự kiện ngày hôm đó không rõ ràng quá đúng không？
question-16	なぜ十分な調査が行われなかったのか、それが合理的に説明できるのでしょうか？	Why was a sufficient investigation not conducted, can that be reasonably explained?	为什么没有进行充分的调查，这样是可以合理地解释得了的吗？	Tại sao một cuộc điều tra đầy đủ đã không được tiến hành, liệu điều đó có thể được giải thích một cách hợp lý không？
question-17	もし被告人が本当に有罪なら、なぜこれほど多くの疑問点が残るのでしょうか？	If the defendant is really guilty, then why are there so many lingering questions about it?	如果被告真的有罪，为什么会留下这么多疑问呢？	Nếu bị cáo thật sự có tội thì tại sao lại còn nhiều điểm đáng ngờ như vậy?
question-18	もし無実であるならば、なぜここまで証拠を隠そうとするのでしょう？	If they are innocent, why would they try to hide evidence this much?	如果他是无辜的，那么为什么要这么做呢？	Nếu vô tội thì sao lại muốn che giấu bằng chứng đến vậy?
question-19	共犯者の存在を否定する根拠が他にあるでしょうか？	Is there any other basis for denying the existence of an accomplice?	还有其他否认共犯者存在的理由吗？	Có căn cứ khác để phủ định sự tồn tại của đồng phạm không？
question-20	証拠が正当に収集されたことを確認していますか？	Are you confirming that the evidence was properly collected?	您确定这些证据是合法获取的吗？	Bạn có xác nhận rằng bằng chứng đã được thu thập một cách hợp pháp không?
question-21	証拠を見れば、明らかに一致しますよね？	If you see the evidence, it will clearly match, won't it?	拿到证据不就一致了吗？	Khi xem bằng chứng, thì rõ ràng là phù hợp đúng không?
question-22	証拠資料は全て揃っているのですよね？	Is all the evidence in order, isn't it?	证据资料是不是全部都准备好了呢？	Chứng cứ đã được thu thập đầy đủ cả rồi phải không?
question-23	証拠品があなたのものであると確認したのではないですか？	Didn't you confirm that the evidence was yours?	你不是已经确认过物证是你的了吗？	Anh/chị có xác nhận rằng vật chứng là của anh/chị không?
question-24	証人の供述には矛盾がありますよね？	The witness's testimony is contradictory, isn't it?	证人作证中存在矛盾，是吧？	Phát biểu của nhân chứng có mâu thuẫn đấy không？
question-25	証人は以前にも同様の証言をしましたよね？	Didn't the witness give similar testimony before?	证人以前也做过类似的证词吧？	Người chứng kiến đã từng khai như vậy trước đây rồi chứ?
question-26	証人は当日の出来事を全て覚えているのですね？	You do remember all the events of that day, don't you?	证人记得当天发生的所有事情吧？	Chứng nhân có nhớ tất cả sự việc trong ngày hôm đó đúng không？
question-27	真実を隠す理由が他にあるわけではないですよね？	There is no other reason to conceal the truth, is there?	你没其他隐瞒真相的理由吧？	Có lý do khác để che giấu sự thật không đúng chứ?
question-28	真実を知っているのに、どうしてそれを隠すのでしょう？	Why are you hiding it when you know the truth?	明知真相，为什么要隐瞒呢？	Biết sự thật mà sao lại giấu đi như vậy chứ?
question-29	誠実な人が、これほど多くの矛盾した証言をするでしょうか？	Would an honest person give so many contradictory testimonies?	 诚实的人会作出这么多相互矛盾的证词吗？	Người thành thật thì có làm chứng ngược nhau như vậy không?
question-30	他にも疑問を持つべき点があるのではないですか？	Are there not other points that should be questioned as well?	还不是有其他值得怀疑的地方吗？	Có điểm nào khác mà chúng ta nên đặt câu hỏi không?
question-31	誰が見ても不自然な流れですよね？	Isn't it an unnatural flow for anyone to see?	谁都看得出这个发展是不自然的吧？	 Ai thấy cũng đều cảm thấy dòng chảy này không tự nhiên nhỉ?
question-32	誰しも誤解や誤認をすることがありますよね？	Doesn't everyone make mistakes or misidentifications sometimes?	谁都有可能会产生误解或误认吧？	Mọi người đều có thể nhầm lẫn hoặc hiểu lầm đúng không?
question-33	適正な手続きを踏まなければならないのは当然ですよね？	It is necessary to proceed with the proper procedures, isn't it?	自然是应该按照正当程序的吧？	Tất nhiên là phải tuân theo thủ tục hợp lý rồi đúng không?
question-34	犯行現場にいたことを否定するには、これ以上の証拠が本当に必要でしょうか？	Is further evidence really necessary to deny being at the scene of the crime?	为了否认自己在犯罪现場，难道还需要更多的证据吗？	Có cần thêm chứng cứ nào khác để phủ nhận việc có mặt tại hiện trường tội phạm không?
question-35	被害者と被告人が口論していた事実は否定できないのではないですか？	Can't the fact that the victim and the defendant were arguing be undeniable?	被害者和被告人发生口角的事实是不是不能否认？	Liệu sự thật về việc nạn nhân và bị cáo đã cãi nhau không phải là không thể phủ nhận hay sao?
question-36	被告人がその場にいなかったという主張は、これほどの証拠を前にして信じられるでしょうか？	Can the claim that the defendant was not at the scene be believed in the face of such evidence?	被告人不在现场的辩称，在如此众多的证据面前，还有可信度吗？	Bị cáo không có mặt tại hiện trường, luận điểm này có thể tin được khi đã có những bằng chứng như vậy không?
question-37	被告人が現場にいたことは間違いないのですか？	Was it unmistakable that the defendant was at the scene?	被告是否肯定在案发现场？	Có phải không sai là bị cáo có mặt tại hiện trường không?
question-38	被告人が犯行現場にいたことを証明する証拠があるのではないですか？	Don't you have any evidence to prove that the defendant was at the scene of the crime?	被告是否在犯罪现场的证据存在呢？	Có bằng chứng chứng minh bị cáo có mặt tại hiện trường tội phạm tidak phải vậy吗？
question-39	被告人のアリバイが成立しないということは明らかではないですか？	Is it not clear that the defendant's alibi does not hold up?	被告人的不在场证明不能成立这点不是很明显吗？	Có phải là rõ ràng là không có lý do rõ ràng để bị cáo bị kết tội không?
question-40	被告人の証言は信じがたいですよね？	Isn't the defendant's testimony unbelievable?	被告人的证词是难以置信的吧？	Bị đơn có lời khai không thể tin được đấy nhỉ？
question-41	被告人の人権は、この場でどうして尊重されないのでしょうか？	Why is the defendant's human rights not respected here, I wonder?	被告人的人权，在这里为什么不被尊重呢？	Quyền con người của bị cáo thì tại sao lại không được tôn trọng ở đây?
question-42	被告人の陳述は一貫していますよね？	Isn't the defendant's statement consistent?	被告人的陈述是一致的呢？	Bị cáo có lời khai nhất quán không?
question-43	被告人はその現場にいなかったのではありませんか？	Wasn't the defendant at the scene?	被告人不是没在现场吗？	Bị cáo có mặt tại hiện trường đó chứ không phải không?
question-44	被告人はその時刻に現場付近にいたと認めたのではないですか？	Didn't the defendant admit that they were near the scene at that time?	被告人当时不是在案发现场附近吗？	Bị cáo có phải đã thừa nhận mình có mặt gần hiện trường vào lúc đó không？
question-45	被告人にはアリバイがないのですか？	Does the defendant have no alibi?	被告人没有不在场证明吗？	Bị cáo có không có án để minh oan cho họ không？
question-46	被告人はその日、午後8時には家に帰ったと述べているのですね？	The defendant is saying that they were back home by 8 PM that day, aren't they?	被告人称自己当天八点钟就回家了，是这样吗？	Bị cáo nói là vào ngày hôm đó, vào lúc 8 giờ tối thì đã về nhà phải không?
question-47	弁護士が提出した資料は全て確認済みではないですか？	Haven't all the documents submitted by the lawyer been confirmed?	辩护律师提交的资料全部都已经确认过了吗？	Luật sư đã gửi tài liệu đã được xác nhận tất cả chưa?
question-48	法廷での宣誓を理解していますね？	Do you understand the oath in this court?	你明白在法庭上宣誓的意思吗？	Anh chị có hiểu lời tuyên thệ tại tòa án không?
question-49	目撃者の記憶が曖昧であることを、誰が否定できるのでしょうか？	Who can deny that the witness's memory is vague?	谁能否认目击者的记忆是模糊的呢？	Ai có thể phủ nhận rằng ký ức của nhân chứng là không rõ ràng?
question-50	目撃者の証言が矛盾しているとは思いませんか？	Don't you think that the witness's testimony is contradictory?	您不认为目击者的证言是相互矛盾的吗？	Anh có nghĩ rằng lời khai của nhân chứng mâu thuẫn với nhau không?
